player,bye,pts,att_pass,cmp_pass,yds_pass,td_pass,intcpt_pass,two_pt_pass,att_rush,yds_rush,td_rush,two_pt_rush,recpt,yds_rec,td_rec,twopt_rec,fl,td,position
Josh Allen,7,433,601,385,4168,34,15,1,117,700,6,1,0,0,0,1,3,0,Quarterback
Tom Brady,9,423,682,456,4990,40,12,0,28,81,2,0,0,0,0,0,3,0,Quarterback
Justin Herbert,7,409,608,409,4631,35,14,4,61,301,3,0,0,0,0,1,1,0,Quarterback
Patrick Mahomes,12,399,614,409,4569,35,13,1,57,327,2,0,0,0,0,0,4,0,Quarterback
Matthew Stafford,11,382,569,383,4648,38,15,2,32,43,0,0,0,0,0,0,2,0,Quarterback
Aaron Rodgers,13,376,513,352,3977,35,4,0,32,94,3,0,1,-4,0,0,0,0,Quarterback
Joe Burrow,10,372,520,366,4611,34,14,1,40,118,2,0,0,0,0,0,2,0,Quarterback
Dak Prescott,7,349,569,389,4154,32,10,2,48,146,1,1,0,0,0,0,6,0,Quarterback
Jalen Hurts,14,332,432,265,3144,16,9,3,139,784,10,0,0,0,0,0,2,0,Quarterback
Kirk Cousins,7,329,539,358,3971,30,7,0,28,116,1,0,0,0,0,0,2,0,Quarterback
Kyler Murray,12,317,442,305,3547,23,10,0,83,388,5,0,0,7,0,0,0,0,Quarterback
Carson Wentz,14,291,487,305,3378,26,6,1,54,198,1,0,0,0,0,0,4,0,Quarterback
Derek Carr,8,275,590,408,4618,21,14,0,39,109,0,0,0,0,0,0,5,0,Quarterback
Lamar Jackson,8,262,382,246,2882,16,13,2,133,767,2,0,0,0,0,0,3,0,Quarterback
Ryan Tannehill,13,260,499,334,3447,17,14,1,53,272,7,0,0,0,0,0,4,0,Quarterback
Russell Wilson,9,251,374,244,2875,22,5,1,39,178,1,0,0,0,0,0,0,0,Quarterback
Mac Jones,14,248,491,332,3540,21,12,2,41,125,0,0,0,0,0,0,2,0,Quarterback
Jimmy Garoppolo,6,246,409,278,3494,19,10,1,37,50,3,0,0,0,0,0,3,0,Quarterback
Ben Roethlisberger,7,245,561,360,3496,21,9,2,17,9,1,0,0,0,0,0,5,0,Quarterback
Taylor Heinicke,9,244,476,312,3299,20,15,0,58,310,1,1,1,-2,0,0,2,0,Quarterback
Matt Ryan,6,240,527,355,3752,19,11,0,39,80,1,1,0,0,0,0,4,0,Quarterback
Teddy Bridgewater,13,230,426,285,3052,18,7,1,30,106,2,0,0,0,0,0,1,0,Quarterback
Jared Goff,9,206,464,311,3007,17,8,4,17,87,0,0,0,0,0,0,6,0,Quarterback
Baker Mayfield,13,205,418,253,3010,17,13,2,37,134,1,0,0,11,0,0,3,0,Quarterback
Trevor Lawrence,7,191,570,336,3418,10,17,2,63,317,2,0,0,0,0,0,5,0,Quarterback
Tua Tagovailoa,14,191,366,248,2544,15,10,1,37,90,3,0,0,0,0,0,1,0,Quarterback
Daniel Jones,10,177,361,232,2428,10,7,1,62,298,2,2,1,16,0,0,3,0,Quarterback
Sam Darnold,13,152,364,214,2308,7,12,1,40,203,5,0,0,0,0,0,3,0,Quarterback
Zach Wilson,6,152,363,206,2247,8,11,1,27,161,4,1,0,0,0,0,1,0,Quarterback
Davis Mills,10,149,361,240,2363,13,10,0,14,32,0,1,0,0,0,0,1,0,Quarterback
Jameis Winston,6,141,161,95,1170,14,3,0,32,166,1,0,0,0,0,0,1,0,Quarterback
Justin Fields,10,135,270,159,1870,7,10,0,72,420,2,0,0,0,0,0,5,0,Quarterback
Taysom Hill,6,106,125,71,871,3,5,0,65,356,5,0,4,52,0,0,0,0,Quarterback
Trevor Siemian,6,94,173,99,1083,9,3,0,7,21,1,0,0,0,0,0,1,0,Quarterback
Cam Newton,13,90,126,69,684,4,5,1,47,230,5,0,0,0,0,0,1,0,Quarterback
Tyrod Taylor,10,87,150,91,966,5,5,0,19,151,3,0,0,0,0,0,0,0,Quarterback
Andy Dalton,10,79,188,116,1190,7,7,1,15,69,0,0,0,0,0,0,1,0,Quarterback
Tyler Huntley,8,79,157,106,940,3,2,0,35,222,2,0,0,0,0,0,2,0,Quarterback
Jacoby Brissett,14,78,225,141,1283,5,4,1,19,70,1,0,0,0,0,0,3,0,Quarterback
Trey Lance,6,71,71,41,603,5,2,0,38,168,1,1,0,0,0,0,0,0,Quarterback
Geno Smith,9,62,95,65,702,5,1,0,9,42,1,0,0,0,0,0,1,0,Quarterback
Josh Johnson,8,54,85,57,638,5,2,0,9,28,0,1,0,0,0,0,0,0,Quarterback
Mike White,6,53,132,88,953,5,8,0,5,-1,0,0,0,0,0,1,0,0,Quarterback
Colt McCoy,12,46,99,74,740,3,1,0,22,37,0,0,0,0,0,0,1,0,Quarterback
Mike Glennon,10,36,167,90,790,4,10,0,7,33,1,0,0,0,0,0,3,0,Quarterback
Drew Lock,11,32,87,55,625,2,2,0,6,18,0,0,1,1,0,0,1,0,Quarterback
Cooper Rush,7,30,46,29,412,3,1,0,6,-4,0,0,0,0,0,0,1,0,Quarterback
Tim Boyle,9,29,94,61,526,3,6,1,1,14,0,0,0,0,0,0,0,0,Quarterback
Joe Flacco,6,29,42,27,338,3,0,0,2,3,0,0,0,0,0,0,1,0,Quarterback
Gardner Minshew,14,22,27,22,253,2,0,0,4,11,0,0,0,0,0,0,0,0,Quarterback
Nick Foles,10,18,35,24,250,1,0,1,4,8,0,0,0,0,0,0,0,0,Quarterback
Mason Rudolph,7,18,58,35,277,1,1,0,5,53,0,0,0,0,0,0,0,0,Quarterback
Case Keenum,13,16,48,30,286,1,0,0,7,7,0,0,0,0,0,0,0,0,Quarterback
Phillip Walker,13,15,66,36,362,1,3,1,7,13,0,0,0,0,0,0,1,0,Quarterback
Brian Hoyer,14,14,11,9,227,1,0,0,11,-8,0,0,0,0,0,0,0,0,Quarterback
Jordan Love,13,14,45,26,277,1,1,0,11,28,0,0,0,0,0,0,1,0,Quarterback
Sean Mannion,7,14,36,22,189,1,0,0,2,14,0,0,0,0,0,0,0,0,Quarterback
Nick Mullens,13,11,30,20,147,1,0,0,0,0,0,0,0,0,0,0,0,0,Quarterback
Kyle Allen,9,10,19,12,120,1,0,0,2,11,0,0,0,0,0,0,1,0,Quarterback
Marcus Mariota,8,10,1,0,0,0,0,0,9,64,1,0,0,0,0,0,0,0,Quarterback
Garrett Gilbert,9,7,31,20,194,0,0,0,0,0,0,0,0,0,0,0,0,0,Quarterback
Brandon Allen,10,6,5,2,13,1,0,0,6,-4,0,0,0,0,0,0,0,0,Quarterback
Mitchell Trubisky,7,6,7,5,28,0,1,0,10,27,1,0,0,0,0,0,0,0,Quarterback
Jake Fromm,10,3,29,12,107,0,1,0,3,12,0,0,0,0,0,0,0,0,Quarterback
Chad Henne,12,3,16,11,82,0,0,0,8,0,0,0,0,0,0,0,0,0,Quarterback
C.J. Beathard,7,1,2,2,33,0,0,0,1,2,0,0,0,0,0,0,0,0,Quarterback
Ian Book,6,1,20,12,135,0,2,0,3,6,0,0,0,0,0,0,0,0,Quarterback
Blaine Gabbert,9,1,9,7,67,0,0,0,8,-6,0,0,0,0,0,0,0,0,Quarterback
Chris Streveler,8,1,9,6,36,0,0,0,3,6,0,0,0,0,0,0,0,0,Quarterback
Kurt Benkert,13,0,0,0,0,0,0,0,2,-1,0,0,0,0,0,0,0,0,Quarterback
David Blough,9,0,0,0,0,0,0,0,1,6,0,0,0,0,0,0,0,0,Quarterback
Chase Daniel,7,0,0,0,0,0,0,0,2,-2,0,0,0,0,0,0,0,0,Quarterback
Sam Ehlinger,14,0,0,0,0,0,0,0,3,9,0,0,0,0,0,0,0,0,Quarterback
Ryan Fitzpatrick,9,0,6,3,13,0,0,0,1,2,0,0,0,0,0,0,0,0,Quarterback
Kellen Mond,7,0,3,2,5,0,0,0,0,0,0,0,0,0,0,0,0,0,Quarterback
Nathan Peterman,8,0,0,0,0,0,0,0,2,2,0,0,0,0,0,0,0,0,Quarterback
Brett Rypien,11,0,2,0,0,0,0,0,0,0,0,0,0,0,0,0,0,0,Quarterback
Davis Webb,7,0,0,0,0,0,0,0,2,-3,0,0,0,0,0,0,0,0,Quarterback
Logan Woodside,13,0,0,0,0,0,0,0,6,-6,0,0,0,0,0,0,0,0,Quarterback
Jacob Eason,9,-1,5,2,25,0,1,0,0,0,0,0,0,0,0,0,0,0,Quarterback
Feleipe Franks,6,-2,1,0,0,0,1,0,3,6,0,0,0,0,0,0,0,0,Quarterback
John Wolford,11,-2,4,1,5,0,1,0,2,-1,0,0,0,0,0,0,0,0,Quarterback
Josh Rosen,6,-4,11,2,19,0,2,0,0,0,0,0,0,0,0,0,0,0,Quarterback
Jonathan Taylor,14,314,0,0,0,0,0,0,317,1734,18,0,37,342,2,0,2,0,Runningback
Austin Ekeler,7,238,0,0,0,0,0,0,190,847,11,1,65,612,7,0,3,0,Runningback
Joe Mixon,10,235,0,0,0,0,0,0,292,1205,13,0,42,314,3,0,1,0,Runningback
Najee Harris,7,207,0,0,0,0,0,0,296,1172,7,0,70,440,3,0,0,0,Runningback
James Conner,12,189,0,0,0,0,0,0,187,700,14,0,31,334,2,0,0,0,Runningback
Ezekiel Elliott,7,186,1,1,4,0,0,0,219,915,10,3,46,284,2,0,1,0,Runningback
Nick Chubb,13,179,0,0,0,0,0,0,219,1201,8,0,19,172,1,0,1,0,Runningback
Damien Harris,14,174,0,0,0,0,0,0,191,892,14,0,14,96,0,0,2,0,Runningback
Leonard Fournette,9,173,1,0,0,0,0,0,180,812,8,0,69,454,2,0,0,0,Runningback
Derrick Henry,13,171,1,1,5,1,0,0,219,937,10,1,18,154,0,0,0,0,Runningback
Cordarrelle Patterson,6,169,1,0,0,0,0,0,149,607,6,0,51,547,5,0,0,0,Runningback
Aaron Jones,13,166,0,0,0,0,0,0,171,799,4,0,52,391,6,0,1,0,Runningback
Alvin Kamara,6,162,0,0,0,0,0,0,210,752,4,0,45,423,5,0,0,0,Runningback
Antonio Gibson,9,158,0,0,0,0,0,0,237,891,6,1,41,289,3,0,4,0,Runningback
Dalvin Cook,7,157,0,0,0,0,0,0,235,1080,6,1,33,221,0,0,2,0,Runningback
Javonte Williams,11,146,0,0,0,0,0,0,191,857,4,0,41,298,3,0,1,0,Runningback
Melvin Gordon,11,143,0,0,0,0,0,0,191,808,7,0,27,207,2,0,2,0,Runningback
Josh Jacobs,8,139,0,0,0,0,0,0,191,740,8,0,52,336,0,0,2,0,Runningback
David Montgomery,10,136,1,0,0,0,1,0,205,777,7,0,40,294,0,0,1,0,Runningback
Darrel Williams,12,134,0,0,0,0,0,0,137,541,6,0,44,422,2,0,0,0,Runningback
AJ Dillon,13,132,0,0,0,0,0,0,173,740,5,0,33,309,2,0,1,0,Runningback
James Robinson,7,131,0,0,0,0,0,0,164,767,8,0,31,222,0,0,2,0,Runningback
Elijah Mitchell,6,130,0,0,0,0,0,0,186,878,5,0,19,137,1,0,0,0,Runningback
D'Andre Swift,9,127,1,0,0,0,0,0,144,587,4,0,58,436,2,0,1,0,Runningback
Darrell Henderson,11,123,0,0,0,0,0,0,149,688,5,0,29,176,3,0,0,0,Runningback
Devin Singletary,7,120,0,0,0,0,0,0,169,782,6,0,38,204,0,0,0,0,Runningback
Sony Michel,11,112,0,0,0,0,0,0,187,802,4,0,20,122,1,0,1,0,Runningback
Myles Gaskin,14,110,0,0,0,0,0,0,172,613,3,0,46,223,4,0,1,0,Runningback
Tony Pollard,7,106,0,0,0,0,0,0,130,719,2,0,39,337,0,0,0,0,Runningback
Michael Carter,6,103,0,0,0,0,0,0,138,620,4,0,36,325,0,0,1,0,Runningback
Devonta Freeman,8,98,0,0,0,0,0,0,128,555,5,0,32,184,1,0,0,0,Runningback
Saquon Barkley,10,97,0,0,0,0,0,0,151,563,2,0,38,244,2,0,1,0,Runningback
Clyde Edwards-Helaire,12,92,0,0,0,0,0,0,119,517,4,0,19,129,2,1,2,0,Runningback
Chuba Hubbard,13,92,0,0,0,0,0,0,163,564,5,0,23,166,0,0,1,0,Runningback
Chase Edmonds,12,90,0,0,0,0,0,0,116,592,2,0,43,311,0,0,1,0,Runningback
Rhamondre Stevenson,14,89,0,0,0,0,0,0,129,572,5,0,13,121,0,0,1,0,Runningback
Devontae Booker,10,86,0,0,0,0,0,0,137,579,2,0,38,256,1,0,0,0,Runningback
Mike Davis,6,85,0,0,0,0,0,0,132,473,3,0,41,261,1,0,1,0,Runningback
Alexander Mattison,7,85,0,0,0,0,0,0,129,473,3,0,31,225,1,0,1,0,Runningback
Christian McCaffrey,13,84,0,0,0,0,0,0,99,442,1,0,37,343,1,0,0,0,Runningback
Miles Sanders,14,84,0,0,0,0,0,0,137,754,0,1,26,158,0,0,1,0,Runningback
Rashaad Penny,9,83,0,0,0,0,0,0,96,559,5,0,6,48,0,0,0,0,Runningback
Kareem Hunt,13,82,0,0,0,0,0,0,78,386,5,1,22,174,0,0,0,0,Runningback
Boston Scott,14,81,0,0,0,0,0,0,87,373,7,0,13,83,0,0,1,0,Runningback
Jamaal Williams,9,80,0,0,0,0,0,0,140,558,3,0,25,148,0,0,0,0,Runningback
J.D. McKissic,9,77,0,0,0,0,0,0,48,212,2,0,43,397,2,0,0,0,Runningback
Ty Johnson,6,75,0,0,0,0,0,0,60,239,2,0,34,372,2,0,1,0,Runningback
Mark Ingram,6,73,0,0,0,0,0,0,160,554,2,0,27,162,0,0,1,0,Runningback
Zack Moss,7,72,0,0,0,0,0,0,91,337,4,0,21,191,1,0,1,0,Runningback
D'Onta Foreman,13,70,0,0,0,0,0,0,112,497,3,0,8,108,0,0,1,0,Runningback
Kenny Gainwell,14,67,0,0,0,0,0,0,56,213,4,1,29,244,1,0,1,0,Runningback
Rex Burkhead,10,65,1,0,0,0,0,0,110,403,3,0,22,144,0,0,0,0,Runningback
Latavius Murray,8,65,0,0,0,0,0,0,103,351,5,0,10,75,0,0,0,0,Runningback
Kenyan Drake,8,63,0,0,0,0,0,0,63,254,2,0,30,291,1,0,0,0,Runningback
Ronald Jones II,9,61,0,0,0,0,0,0,101,428,4,0,10,64,0,0,2,0,Runningback
Nyheim Hines,14,60,0,0,0,0,0,0,56,276,2,0,38,291,1,0,2,0,Runningback
Khalil Herbert,10,57,0,0,0,0,0,0,99,422,2,0,14,96,0,0,0,0,Runningback
Jordan Howard,14,56,0,0,0,0,0,0,86,406,3,0,2,19,0,0,0,0,Runningback
D'Ernest Johnson,13,56,0,0,0,0,0,0,75,411,2,0,18,127,0,0,0,0,Runningback
Brandon Bolden,14,55,0,0,0,0,0,0,37,180,0,1,39,385,1,0,0,0,Runningback
Justin Jackson,7,55,0,0,0,0,0,0,65,344,2,0,22,178,0,0,1,0,Runningback
Alex Collins,9,53,0,0,0,0,0,0,108,411,2,0,9,87,0,0,1,0,Runningback
Dontrell Hilliard,13,46,0,0,0,0,0,0,47,293,2,0,18,86,0,0,1,0,Runningback
Samaje Perine,10,46,0,0,0,0,0,0,55,246,1,0,27,196,1,0,0,0,Runningback
Chris Carson,9,42,0,0,0,0,0,0,54,232,3,0,6,29,0,0,1,0,Runningback
Jeffery Wilson,6,40,0,0,0,0,0,0,79,294,2,0,7,31,0,0,0,0,Runningback
Derrick Gore,12,39,0,0,0,0,0,0,44,226,2,0,8,105,0,0,0,0,Runningback
Jeremy McNichols,13,37,0,0,0,0,0,0,41,156,0,0,28,240,1,0,0,0,Runningback
Peyton Barber,8,36,0,0,0,0,0,0,55,212,2,0,10,67,0,0,0,0,Runningback
David Johnson,10,36,0,0,0,0,0,0,62,200,0,0,29,217,1,0,1,0,Runningback
Jaret Patterson,9,36,0,0,0,0,0,0,62,245,2,0,8,59,0,0,0,0,Runningback
Ameer Abdullah,13,35,0,0,0,0,0,0,44,140,0,0,29,233,1,0,0,0,Runningback
Kyle Juszczyk,6,35,0,0,0,0,0,0,8,22,1,0,30,296,1,0,0,0,Runningback
Duke Johnson,14,33,0,0,0,0,0,0,46,213,2,0,3,36,0,0,0,0,Runningback
Matt Breida,7,32,0,0,0,0,0,0,26,125,1,0,7,72,2,0,1,0,Runningback
Tevin Coleman,6,32,0,0,0,0,0,0,79,350,0,0,11,49,0,0,0,0,Runningback
DeeJay Dallas,9,32,0,0,0,0,0,0,32,137,2,0,21,133,0,0,0,0,Runningback
Giovani Bernard,9,31,0,0,0,0,0,0,8,58,0,0,23,123,3,0,0,0,Runningback
Damien Williams,10,31,0,0,0,0,0,0,40,164,2,0,13,70,0,0,0,0,Runningback
Travis Homer,9,30,0,0,0,0,0,0,20,173,1,0,15,138,0,0,0,0,Runningback
Carlos Hyde,7,30,0,0,0,0,0,0,72,253,1,0,12,65,0,0,2,0,Runningback
Phillip Lindsay,14,30,0,0,0,0,0,0,77,209,1,0,4,45,1,0,0,0,Runningback
Ty'Son Williams,8,28,0,0,0,0,0,0,34,181,1,0,9,84,0,0,0,0,Runningback
Dare Ogunbowale,7,25,0,0,0,0,0,0,32,107,1,0,10,89,1,0,0,0,Runningback
Craig Reynolds,9,24,0,0,0,0,0,0,52,228,0,0,7,52,0,0,0,0,Runningback
Le'Veon Bell,9,23,0,0,0,0,0,0,36,87,2,1,4,29,0,0,0,0,Runningback
Elijhaa Penny,10,22,0,0,0,0,0,0,24,99,1,1,9,30,1,0,0,0,Runningback
Trey Sermon,6,22,0,0,0,0,0,0,41,167,1,0,3,26,0,0,0,0,Runningback
Demetric Felton,13,21,0,0,0,0,0,0,6,18,0,0,16,163,1,0,0,0,Runningback
Adrian Peterson,9,21,0,0,0,0,0,0,38,98,2,0,4,8,0,0,0,0,Runningback
Ke'Shawn Vaughn,9,20,0,0,0,0,0,0,26,151,1,0,2,14,0,0,0,0,Runningback
JaMycal Hasty,6,19,0,0,0,0,0,0,15,64,1,0,21,136,0,0,1,0,Runningback
Godwin Igwebuike,9,19,0,0,0,0,0,0,18,118,1,0,7,60,0,0,2,0,Runningback
Jermar Jefferson,9,19,0,0,0,0,0,0,15,74,2,0,4,23,0,0,0,0,Runningback
Chris Evans,10,18,0,0,0,0,0,0,10,42,0,0,11,127,1,0,0,0,Runningback
Royce Freeman,10,18,0,0,0,0,0,0,56,169,0,0,10,77,0,0,0,0,Runningback
Salvon Ahmed,14,17,0,0,0,0,0,0,54,149,0,0,12,117,0,0,0,0,Runningback
Malcolm Brown,14,17,0,0,0,0,0,0,33,125,1,0,3,10,0,0,0,0,Runningback
James White,14,17,0,0,0,0,0,0,10,38,1,0,12,94,0,0,0,0,Runningback
J.J. Taylor,14,14,0,0,0,0,0,0,19,37,2,0,4,8,0,0,1,0,Runningback
Austin Walter,6,14,0,0,0,0,0,0,26,101,1,0,2,9,0,0,0,0,Runningback
Eno Benjamin,12,13,0,0,0,0,0,0,27,87,1,0,2,17,0,0,0,0,Runningback
Larry Rountree,7,13,0,0,0,0,0,0,36,87,1,0,1,-1,0,0,0,0,Runningback
Alec Ingold,8,12,0,0,0,0,0,0,2,1,0,0,10,85,1,0,0,0,Runningback
Tony Jones,6,11,0,0,0,0,0,0,47,120,0,0,5,29,0,0,0,0,Runningback
Wayne Gallman,7,10,0,0,0,0,0,0,28,104,0,0,1,21,0,0,0,0,Runningback
C.J. Ham,7,10,0,0,0,0,0,0,7,34,0,0,16,118,0,0,0,0,Runningback
Patrick Ricard,8,10,0,0,0,0,0,0,2,4,0,0,8,63,1,0,0,0,Runningback
Michael Burton,12,9,0,0,0,0,0,0,8,26,1,0,3,31,0,0,0,0,Runningback
Jason Cabinda,9,8,0,0,0,0,0,0,3,23,0,0,4,16,1,0,0,0,Runningback
Deon Jackson,14,8,0,0,0,0,0,0,13,31,1,0,0,0,0,0,0,0,Runningback
Andy Janovich,13,8,0,0,0,0,0,0,2,0,1,0,3,9,0,1,0,0,Runningback
Marlon Mack,14,8,0,0,0,0,0,0,28,101,0,0,2,8,0,0,0,0,Runningback
Jerick McKinnon,12,8,0,0,0,0,0,0,7,38,0,0,10,81,0,0,0,0,Runningback
Jonathan Williams,9,8,0,0,0,0,0,0,10,34,1,0,4,28,0,0,0,0,Runningback
Alex Armah,9,7,0,0,0,0,0,0,5,21,0,0,1,1,1,0,0,0,Runningback
Corey Clement,7,7,0,0,0,0,0,0,26,82,0,0,2,7,0,0,0,0,Runningback
Joshua Kelley,7,7,0,0,0,0,0,0,33,102,0,0,5,38,0,0,1,0,Runningback
Johnny Stanton,13,6,0,0,0,0,0,0,3,5,0,0,2,7,1,0,0,0,Runningback
Qadree Ollison,6,5,0,0,0,0,0,0,20,86,0,0,4,12,0,0,1,0,Runningback
Benjamin Snell,7,5,0,0,0,0,0,0,24,76,0,0,2,13,0,0,0,0,Runningback
Mike Boone,11,4,0,0,0,0,0,0,4,35,0,0,2,22,0,0,0,0,Runningback
Wendell Smallwood,9,4,0,0,0,0,0,0,5,25,0,0,4,22,0,0,0,0,Runningback
Keith Smith,6,4,0,0,0,0,0,0,9,31,0,0,8,53,0,0,0,0,Runningback
Rodney Smith,9,4,0,0,0,0,0,0,0,0,0,0,5,48,0,0,0,0,Runningback
Kalen Ballage,7,3,0,0,0,0,0,0,11,36,0,0,2,8,0,0,0,0,Runningback
Jakob Johnson,14,3,0,0,0,0,0,0,0,0,0,0,4,43,0,0,0,0,Runningback
Kene Nwangwu,7,3,0,0,0,0,0,0,12,57,0,0,4,9,0,0,0,0,Runningback
Jalen Richard,8,3,0,0,0,0,0,0,7,16,0,0,10,69,0,0,0,0,Runningback
Jonathan Ward,12,3,0,0,0,0,0,0,9,33,0,0,2,32,0,0,0,0,Runningback
Ryquell Armstead,7,2,0,0,0,0,0,0,6,28,0,0,1,6,0,0,0,0,Runningback
Nick Bawden,6,2,0,0,0,0,0,0,0,0,0,0,1,20,0,0,0,0,Runningback
Raheem Mostert,6,2,0,0,0,0,0,0,2,20,0,0,0,0,0,0,0,0,Runningback
Lamical Perine,6,2,0,0,0,0,0,0,8,31,0,0,0,0,0,0,0,0,Runningback
Patrick Taylor,13,2,0,0,0,0,0,0,12,36,0,0,0,0,0,0,0,0,Runningback
Reggie Bonnafon,13,1,0,0,0,0,0,0,1,4,0,0,2,12,0,0,0,0,Runningback
Darrynton Evans,13,1,0,0,0,0,0,0,2,7,0,0,2,11,0,0,0,0,Runningback
Kylin Hill,13,1,0,0,0,0,0,0,10,24,0,0,1,5,0,0,0,0,Runningback
Greg Howell,11,1,0,0,0,0,0,0,5,11,0,0,0,0,0,0,0,0,Runningback
John Kelly,13,1,0,0,0,0,0,0,2,13,0,0,0,0,0,0,0,0,Runningback
Patrick Laird,14,1,0,0,0,0,0,0,1,4,0,0,3,17,0,0,0,0,Runningback
Anthony McFarland,7,1,0,0,0,0,0,0,3,3,0,0,1,11,0,0,0,0,Runningback
Gabe Nabers,7,1,0,0,0,0,0,0,3,8,0,0,3,17,0,0,0,0,Runningback
Jacques Patrick,13,1,0,0,0,0,0,0,2,12,0,0,0,0,0,0,0,0,Runningback
Scottie Phillips,10,1,0,0,0,0,0,0,6,13,0,0,2,9,0,0,0,0,Runningback
Adam Prentice,6,1,0,0,0,0,0,0,2,4,0,0,2,14,0,0,0,0,Runningback
Jaylen Samuels,10,1,0,0,0,0,0,0,5,9,0,0,3,14,0,0,0,0,Runningback
Trayveon Williams,10,1,0,0,0,0,0,0,6,13,0,0,0,0,0,0,0,0,Runningback
Gary Brightwell,10,0,0,0,0,0,0,0,1,4,0,0,1,6,0,0,0,0,Runningback
Nate Cottrell,7,0,0,0,0,0,0,0,1,3,0,0,0,0,0,0,0,0,Runningback
Damarea Crockett,11,0,0,0,0,0,0,0,3,7,0,0,0,0,0,0,0,0,Runningback
Jake Funk,11,0,0,0,0,0,0,0,2,5,0,0,0,0,0,0,0,0,Runningback
Reggie Gilliam,7,0,0,0,0,0,0,0,3,3,0,0,3,23,0,0,0,0,Runningback
JaQuan Hardy,7,0,0,0,0,0,0,0,1,3,0,0,0,0,0,0,0,0,Runningback
Nate McCrary,8,0,0,0,0,0,0,0,1,-1,0,0,0,0,0,0,0,0,Runningback
Ryan Nall,10,0,0,0,0,0,0,0,1,4,0,0,1,4,0,0,0,0,Runningback
Devine Ozigbo,14,0,0,0,0,0,0,0,1,-3,0,0,1,7,0,0,0,0,Runningback
Trey Ragas,8,0,0,0,0,0,0,0,1,9,0,0,2,6,0,0,0,0,Runningback
Mekhi Sargent,7,0,0,0,0,0,0,0,4,9,0,0,0,0,0,0,0,0,Runningback
Dwayne Washington,6,0,0,0,0,0,0,0,4,16,0,0,2,12,0,0,0,0,Runningback
Derek Watt,7,0,0,0,0,0,0,0,1,1,0,0,3,15,0,0,0,0,Runningback
Khari Blasingame,13,-1,0,0,0,0,0,0,3,6,0,0,1,-1,0,0,1,0,Runningback
Trenton Cannon,6,-1,0,0,0,0,0,0,3,4,0,0,0,0,0,0,1,0,Runningback
Cooper Kupp,11,267,1,0,0,0,0,0,3,0,0,0,138,1829,15,1,0,0,Widereceiver
Deebo Samuel,6,227,1,0,0,0,0,0,51,320,7,0,73,1310,6,0,2,0,Widereceiver
Ja'Marr Chase,10,212,0,0,0,0,0,0,7,21,0,0,79,1429,13,0,1,0,Widereceiver
Davante Adams,13,209,0,0,0,0,0,0,0,0,0,0,117,1498,11,0,0,0,Widereceiver
Justin Jefferson,7,197,4,2,35,0,0,0,5,10,0,0,103,1509,9,0,1,0,Widereceiver
Tyreek Hill,12,175,0,0,0,0,0,0,9,96,0,0,110,1237,9,0,1,0,Widereceiver
Stefon Diggs,7,162,0,0,0,0,0,0,0,0,0,0,94,1144,9,0,0,0,Widereceiver
Mike Evans,9,160,0,0,0,0,0,0,1,10,0,0,68,946,12,0,0,0,Widereceiver
Diontae Johnson,7,157,0,0,0,0,0,0,5,53,0,0,100,1110,8,1,2,0,Widereceiver
D.K. Metcalf,9,157,0,0,0,0,0,0,1,6,0,0,70,909,12,0,0,0,Widereceiver
Mike Williams,7,146,0,0,0,0,0,0,0,0,0,0,67,1027,8,1,0,0,Widereceiver
CeeDee Lamb,7,142,0,0,0,0,0,0,9,76,0,0,77,1057,6,0,0,0,Widereceiver
Keenan Allen,7,140,1,0,0,0,0,1,0,0,0,0,100,1086,6,0,0,0,Widereceiver
Tee Higgins,10,140,0,0,0,0,0,0,0,0,0,0,74,1091,6,1,1,0,Widereceiver
Tyler Lockett,9,140,0,0,0,0,0,0,1,7,0,0,68,1077,6,1,0,0,Widereceiver
Chris Godwin,9,139,0,0,0,0,0,0,4,21,1,0,98,1103,5,0,2,0,Widereceiver
Hunter Renfrow,8,136,0,0,0,0,0,0,2,7,0,0,99,1025,7,0,1,0,Widereceiver
Brandin Cooks,10,131,0,0,0,0,0,0,2,21,0,0,87,1011,6,0,0,0,Widereceiver
Adam Thielen,7,128,0,0,0,0,0,0,1,2,0,0,67,726,10,0,0,0,Widereceiver
Jaylen Waddle,14,128,0,0,0,0,0,0,2,3,1,0,99,988,5,0,1,0,Widereceiver
Marquise Brown,8,127,0,0,0,0,0,0,1,5,0,0,88,981,6,0,1,0,Widereceiver
D.J. Moore,13,127,0,0,0,0,0,0,7,35,0,0,86,1070,4,1,1,0,Widereceiver
Michael Pittman,14,126,0,0,0,0,0,0,5,44,0,0,82,1018,5,0,0,0,Widereceiver
Terry McLaurin,9,122,0,0,0,0,0,0,1,12,0,0,73,960,5,0,0,0,Widereceiver
Amari Cooper,7,120,0,0,0,0,0,0,0,0,0,0,63,786,8,0,0,0,Widereceiver
Christian Kirk,12,118,1,1,33,0,0,0,1,11,0,0,75,939,5,0,0,0,Widereceiver
Darnell Mooney,10,116,0,0,0,0,0,0,6,32,1,0,69,929,4,0,0,0,Widereceiver
Kendrick Bourne,14,114,1,1,25,1,0,0,11,117,0,0,52,776,5,0,1,0,Widereceiver
DeVonta Smith,14,113,0,0,0,0,0,0,0,0,0,0,61,875,5,1,1,0,Widereceiver
Amon-Ra St. Brown,9,112,0,0,0,0,0,0,6,49,1,0,82,803,4,2,0,0,Widereceiver
Van Jefferson,11,109,0,0,0,0,0,0,2,20,0,0,48,771,6,0,0,0,Widereceiver
Tyler Boyd,10,106,1,1,46,0,0,0,2,22,0,0,67,828,5,0,0,0,Widereceiver
DeAndre Hopkins,12,101,0,0,0,0,0,0,0,0,0,0,42,572,8,0,0,0,Widereceiver
A.J. Brown,13,99,2,0,0,0,0,0,2,10,0,0,59,801,4,0,0,0,Widereceiver
Marquez Callaway,6,99,0,0,0,0,0,0,0,0,0,0,46,698,6,0,0,0,Widereceiver
Brandon Aiyuk,6,96,0,0,0,0,0,0,5,17,0,0,50,719,5,1,1,0,Widereceiver
A.J. Green,12,94,0,0,0,0,0,0,0,0,0,0,50,825,3,0,0,0,Widereceiver
K.J. Osborn,7,94,0,0,0,0,0,0,1,10,0,0,49,634,6,0,0,0,Widereceiver
Chase Claypool,7,88,0,0,0,0,0,0,11,63,0,0,54,823,1,0,0,0,Widereceiver
Jakobi Meyers,14,88,2,2,45,0,0,0,1,9,0,0,79,796,2,2,0,0,Widereceiver
Elijah Moore,6,88,0,0,0,0,0,0,5,54,1,0,43,538,5,0,0,0,Widereceiver
Marvin Jones,7,87,0,0,0,0,0,0,0,0,0,0,66,744,3,0,0,0,Widereceiver
Robert Woods,11,86,0,0,0,0,0,0,8,46,1,0,45,556,4,1,0,0,Widereceiver
Tim Patrick,11,85,0,0,0,0,0,0,0,0,0,0,47,639,5,0,0,0,Widereceiver
Emmanuel Sanders,7,83,0,0,0,0,0,0,2,31,0,0,42,626,4,0,0,0,Widereceiver
Gabriel Davis,7,82,0,0,0,0,0,0,0,0,0,0,32,510,6,0,0,0,Widereceiver
Courtland Sutton,11,82,0,0,0,0,0,0,0,0,0,0,57,763,2,1,0,0,Widereceiver
Allen Lazard,13,77,0,0,0,0,0,0,3,32,0,0,35,438,6,0,0,0,Widereceiver
Antonio Brown,9,76,0,0,0,0,0,0,1,6,0,0,42,545,4,0,0,0,Widereceiver
Russell Gage,6,76,0,0,0,0,0,0,0,0,0,0,57,644,3,0,2,0,Widereceiver
Odell Beckham Jr.,11,75,0,0,0,0,0,0,2,14,0,0,42,519,5,0,0,0,Widereceiver
Byron Pringle,12,74,0,0,0,0,0,0,0,0,0,0,37,512,5,0,1,0,Widereceiver
Cedrick Wilson,7,71,3,3,88,0,0,0,2,11,0,0,40,483,4,1,0,0,Widereceiver
Deonte Harris,6,69,0,0,0,0,0,0,4,32,0,0,33,546,3,0,1,0,Widereceiver
Cole Beasley,7,68,1,0,0,0,0,0,0,0,0,0,78,662,1,1,0,0,Widereceiver
Corey Davis,6,68,0,0,0,0,0,0,0,0,0,0,34,492,4,0,1,0,Widereceiver
Donovan Peoples-Jones,13,68,0,0,0,0,0,0,0,0,0,0,31,559,3,0,1,0,Widereceiver
Robby Anderson,13,67,0,0,0,0,0,0,3,36,0,0,46,469,4,0,0,0,Widereceiver
Bryan Edwards,8,64,0,0,0,0,0,0,1,0,0,0,30,508,3,0,0,0,Widereceiver
Mecole Hardman,12,64,0,0,0,0,0,0,7,36,0,0,51,590,2,0,2,0,Widereceiver
Braxton Berrios,6,63,0,0,0,0,0,0,7,40,2,0,46,431,2,0,1,0,Widereceiver
Randall Cobb,10,63,0,0,0,0,0,0,1,1,0,0,28,375,5,0,1,0,Widereceiver
Jarvis Landry,13,63,0,0,0,0,0,0,6,40,2,0,46,495,1,0,2,0,Widereceiver
Nelson Agholor,14,60,0,0,0,0,0,0,3,11,0,0,36,450,3,0,0,0,Widereceiver
Kalif Raymond,9,60,0,0,0,0,0,0,3,15,0,0,44,475,3,0,0,0,Widereceiver
DeVante Parker,14,59,0,0,0,0,0,0,0,0,0,0,38,503,2,0,0,0,Widereceiver
Marquez Valdes-Scantling,13,57,0,0,0,0,0,0,0,0,0,0,26,430,3,0,0,0,Widereceiver
Henry Ruggs,8,56,0,0,0,0,0,0,3,16,0,0,24,469,2,0,0,0,Widereceiver
Jamison Crowder,6,54,0,0,0,0,0,1,0,0,0,0,50,431,2,1,1,0,Widereceiver
Michael Gallup,7,53,0,0,0,0,0,0,0,0,0,0,35,445,2,0,0,0,Widereceiver
Jalen Guyton,7,53,0,0,0,0,0,0,7,34,0,0,25,396,3,0,0,0,Widereceiver
Zay Jones,8,52,0,0,0,0,0,0,2,3,0,0,42,519,1,0,1,0,Widereceiver
Rashod Bateman,8,51,0,0,0,0,0,0,0,0,0,0,44,493,1,0,0,0,Widereceiver
DeSean Jackson,8,51,0,0,0,0,0,0,1,4,0,0,20,454,2,0,1,0,Widereceiver
Laviska Shenault,7,51,0,0,0,0,0,0,11,41,0,0,58,557,0,0,1,0,Widereceiver
Quez Watkins,14,51,0,0,0,0,0,0,1,3,0,0,38,563,0,1,0,0,Widereceiver
Nick Westbrook,13,51,0,0,0,0,0,0,0,0,0,0,34,398,3,0,1,0,Widereceiver
DeAndre Carter,9,49,0,0,0,0,0,0,9,78,0,0,24,296,3,0,0,0,Widereceiver
Zach Pascal,14,49,0,0,0,0,0,0,2,21,0,0,37,377,3,0,1,0,Widereceiver
Olamide Zaccheaus,6,49,0,0,0,0,0,0,1,2,0,0,28,359,3,0,0,0,Widereceiver
Rondale Moore,12,46,0,0,0,0,0,0,18,76,0,0,54,435,1,0,1,0,Widereceiver
Josh Reynolds,9,46,0,0,0,0,0,0,0,0,0,0,28,385,2,0,0,0,Widereceiver
Freddie Swain,9,46,0,0,0,0,0,0,5,32,0,0,24,318,3,0,0,0,Widereceiver
Kenny Golladay,10,45,0,0,0,0,0,0,0,0,0,0,34,499,0,0,0,0,Widereceiver
Mack Hollins,14,45,0,0,0,0,0,0,0,0,0,0,14,223,4,0,0,0,Widereceiver
T.Y. Hilton,14,43,0,0,0,0,0,0,0,0,0,0,21,292,3,0,0,0,Widereceiver
Josh Palmer,7,43,0,0,0,0,0,0,1,6,0,0,29,308,3,0,0,0,Widereceiver
Devin Duvernay,8,42,0,0,0,0,0,0,6,48,0,0,33,272,2,0,0,1,Widereceiver
Jamal Agnew,7,40,0,0,0,0,0,0,7,111,1,0,24,229,1,0,0,0,Widereceiver
Chris Conley,10,40,0,0,0,0,0,0,1,3,0,0,22,323,2,0,1,0,Widereceiver
Allen Robinson,10,40,0,0,0,0,0,0,0,0,0,0,36,388,1,0,0,0,Widereceiver
Jerry Jeudy,11,39,0,0,0,0,0,0,2,3,0,0,36,437,0,0,0,0,Widereceiver
Calvin Ridley,6,39,0,0,0,0,0,0,0,0,0,0,31,281,2,0,0,0,Widereceiver
Sterling Shepard,10,39,0,0,0,0,0,0,1,-9,0,0,36,366,1,0,0,0,Widereceiver
Tre'Quan Smith,6,39,0,0,0,0,0,0,0,0,0,0,27,301,2,0,0,0,Widereceiver
Jalen Reagor,14,38,0,0,0,0,0,0,7,22,0,0,31,280,2,0,0,0,Widereceiver
Sammy Watkins,8,38,0,0,0,0,0,0,0,0,0,0,27,394,1,0,1,0,Widereceiver
Nico Collins,10,37,0,0,0,0,0,0,0,0,0,0,30,379,1,0,0,0,Widereceiver
Kadarius Toney,10,37,3,1,19,0,0,0,3,6,0,0,39,420,0,0,0,0,Widereceiver
Laquon Treadwell,7,37,0,0,0,0,0,0,0,0,0,0,30,410,0,0,0,0,Widereceiver
James Washington,7,37,0,0,0,0,0,0,2,13,0,0,24,285,2,0,0,0,Widereceiver
Demarcus Robinson,12,36,0,0,0,0,0,0,0,0,0,0,22,245,3,0,0,0,Widereceiver
Cyril Grayson,9,34,0,0,0,0,0,0,1,14,0,0,10,212,2,0,0,0,Widereceiver
Antoine Wesley,12,34,0,0,0,0,0,0,0,0,0,0,17,191,3,0,0,0,Widereceiver
Keelan Cole,6,33,1,0,0,0,0,0,0,0,0,0,25,395,0,0,0,0,Widereceiver
Marquise Goodwin,10,33,0,0,0,0,0,0,2,-1,0,0,18,300,1,0,0,0,Widereceiver
Damiere Byrd,10,32,0,0,0,0,0,0,0,0,0,0,21,282,1,1,1,0,Widereceiver
Quintez Cephus,9,32,0,0,0,0,0,0,0,0,0,0,15,204,2,1,0,0,Widereceiver
Adam Humphries,9,32,0,0,0,0,0,0,0,0,0,0,40,380,0,0,0,0,Widereceiver
Julio Jones,6,32,0,0,0,0,0,0,0,0,0,0,26,376,0,0,0,0,Widereceiver
Darius Slayton,10,32,0,0,0,0,0,0,1,-13,0,0,24,310,1,0,1,0,Widereceiver
Lil'Jordan Humphrey,6,31,0,0,0,0,0,0,0,0,0,0,12,223,2,0,0,0,Widereceiver
Jauan Jennings,6,31,0,0,0,0,0,0,0,0,0,0,18,188,3,0,0,0,Widereceiver
Malik Turner,7,31,0,0,0,0,0,0,0,0,0,0,12,149,3,0,0,0,Widereceiver
Chester Rogers,13,30,0,0,0,0,0,0,1,9,0,0,28,297,1,0,1,0,Widereceiver
Ashton Dulin,14,29,0,0,0,0,0,0,3,32,0,0,13,173,2,0,0,0,Widereceiver
Cam Sims,9,29,0,0,0,0,0,0,1,7,0,0,15,211,2,0,0,0,Widereceiver
Rashard Higgins,13,28,0,0,0,0,0,0,0,0,0,0,24,275,1,0,0,0,Widereceiver
Tyler Johnson,9,28,0,0,0,0,0,0,0,0,0,0,31,338,0,0,0,0,Widereceiver
Isaiah Ford,14,27,0,0,0,0,0,0,0,0,0,0,12,161,2,0,0,0,Widereceiver
Brandon Zylstra,13,27,0,0,0,0,0,0,0,0,0,0,18,250,1,0,0,0,Widereceiver
Isaiah McKenzie,7,26,0,0,0,0,0,0,8,37,1,0,19,169,1,0,1,0,Widereceiver
John Ross,10,26,0,0,0,0,0,0,1,16,0,0,11,224,1,0,0,0,Widereceiver
D.J. Chark,7,25,0,0,0,0,0,0,0,0,0,0,7,154,2,0,0,0,Widereceiver
Greg Ward,14,25,1,0,0,0,0,0,0,0,0,0,6,93,3,0,0,0,Widereceiver
Tavon Austin,7,23,0,0,0,0,0,0,3,21,0,0,24,213,1,0,1,0,Widereceiver
Jakeem Grant,10,23,0,0,0,0,0,0,5,33,0,0,11,132,2,0,3,0,Widereceiver
Chris Moore,10,23,0,0,0,0,0,0,0,0,0,0,18,189,1,0,0,0,Widereceiver
Parris Campbell,14,20,0,0,0,0,0,0,0,0,0,0,10,162,1,0,0,0,Widereceiver
Kendall Hinton,11,20,1,1,1,0,0,0,0,0,0,0,15,175,1,0,0,0,Widereceiver
Ray Ray McCloud,7,20,0,0,0,0,0,0,2,15,0,0,35,240,0,0,1,0,Widereceiver
Anthony Schwartz,13,19,0,0,0,0,0,0,5,36,0,0,9,122,1,0,0,0,Widereceiver
Tajae Sharpe,6,18,0,0,0,0,0,0,0,0,0,0,25,230,0,0,0,0,Widereceiver
JuJu Smith-Schuster,7,18,0,0,0,0,0,0,3,9,1,0,15,129,0,0,0,0,Widereceiver
Albert Wilson,14,18,1,0,0,0,0,0,4,17,0,0,25,213,0,0,0,0,Widereceiver
James Proche,8,17,0,0,0,0,0,0,0,0,0,0,16,202,0,0,0,0,Widereceiver
Danny Amendola,10,16,1,0,0,0,0,0,0,0,0,0,17,135,1,0,0,0,Widereceiver
D'Wayne Eskridge,9,16,0,0,0,0,0,0,4,59,0,0,10,64,1,0,0,0,Widereceiver
Breshad Perriman,9,16,0,0,0,0,0,0,1,-3,0,0,6,123,1,0,0,0,Widereceiver
Kristian Wilkerson,14,16,0,0,0,0,0,0,0,0,0,0,4,42,2,0,0,0,Widereceiver
Marcus Johnson,13,15,0,0,0,0,0,0,2,-2,0,0,9,160,0,0,0,0,Widereceiver
Dyami Brown,9,14,0,0,0,0,0,0,1,-4,0,0,12,165,0,0,0,0,Widereceiver
Noah Brown,7,14,0,0,0,0,0,0,0,0,0,0,16,184,0,0,0,0,Widereceiver
N'Keal Harry,14,14,0,0,0,0,0,0,0,0,0,0,12,184,0,0,1,0,Widereceiver
Khadarel Hodge,9,13,0,0,0,0,0,0,0,0,0,0,13,157,0,1,0,0,Widereceiver
Dante Pettis,10,13,1,1,16,0,0,0,0,0,0,0,10,87,1,0,0,0,Widereceiver
Mohamed Sanu,6,13,0,0,0,0,0,0,0,0,0,0,15,177,0,0,0,0,Widereceiver
Denzel Mims,6,12,0,0,0,0,0,0,0,0,0,0,8,133,0,0,0,0,Widereceiver
Terrace Marshall,13,11,0,0,0,0,0,0,0,0,0,0,17,138,0,1,0,0,Widereceiver
Bennett Skowronek,11,11,0,0,0,0,0,0,0,0,0,0,11,133,0,0,0,0,Widereceiver
Kenny Stills,6,11,0,0,0,0,0,0,1,1,0,0,6,68,1,0,0,0,Widereceiver
Dez Fitzpatrick,13,10,0,0,0,0,0,0,0,0,0,0,5,49,1,0,0,0,Widereceiver
Ty Montgomery,6,10,0,0,0,0,0,0,15,44,0,0,15,94,0,0,0,0,Widereceiver
Trent Sherfield,6,10,0,0,0,0,0,0,0,0,0,0,8,74,1,0,0,0,Widereceiver
Jeff Smith,6,10,0,0,0,0,0,0,1,-1,0,0,7,111,0,0,0,0,Widereceiver
Shi Smith,13,10,0,0,0,0,0,0,1,-3,0,0,6,104,0,0,0,0,Widereceiver
Phillip Dorsett,10,9,0,0,0,0,0,0,1,0,0,0,7,110,0,0,0,0,Widereceiver
Chris Hogan,6,9,0,0,0,0,0,0,0,0,0,0,4,41,1,0,0,0,Widereceiver
Collin Johnson,10,9,0,0,0,0,0,0,0,0,0,0,11,105,0,0,0,0,Widereceiver
Cameron Batson,13,8,0,0,0,0,0,0,2,15,0,0,2,15,1,0,0,0,Widereceiver
Trinity Benson,9,8,0,0,0,0,0,0,0,0,0,0,10,103,0,0,0,0,Widereceiver
Anthony Miller,7,8,0,0,0,0,0,0,0,0,0,0,6,25,1,0,0,0,Widereceiver
Equanimeous St. Brown,13,8,0,0,0,0,0,0,3,14,0,0,7,76,0,0,0,0,Widereceiver
Auden Tate,10,8,0,0,0,0,0,0,0,0,0,0,3,39,1,0,0,0,Widereceiver
Josh Gordon,12,7,0,0,0,0,0,0,0,0,0,0,5,32,1,0,0,0,Widereceiver
Dezmon Patmon,14,7,0,0,0,0,0,0,0,0,0,0,2,21,1,0,0,0,Widereceiver
KJ Hamler,11,6,0,0,0,0,0,0,0,0,0,0,5,74,0,0,0,0,Widereceiver
Ihmir Smith-Marsette,7,6,0,0,0,0,0,0,0,0,0,0,2,13,1,0,0,0,Widereceiver
Preston Williams,14,6,0,0,0,0,0,0,1,7,0,0,6,71,0,0,0,0,Widereceiver
Ja'Marcus Bradley,13,5,0,0,0,0,0,0,0,0,0,0,4,64,0,0,0,0,Widereceiver
Dax Milne,9,5,0,0,0,0,0,0,1,1,0,0,9,83,0,0,1,0,Widereceiver
Jason Moore,7,5,0,0,0,0,0,0,0,0,0,0,3,56,0,0,0,0,Widereceiver
Jaelon Darden,9,4,0,0,0,0,0,0,1,11,0,0,6,43,0,0,0,0,Widereceiver
Alex Erickson,13,4,0,0,0,0,0,0,0,0,0,0,3,55,0,0,0,0,Widereceiver
Will Fuller,14,4,0,0,0,0,0,0,0,0,0,0,4,26,0,1,0,0,Widereceiver
Dede Westbrook,7,4,0,0,0,0,0,0,0,0,0,0,10,68,0,0,0,0,Widereceiver
Juwann Winfree,13,4,0,0,0,0,0,0,0,0,0,0,5,42,0,0,0,0,Widereceiver
J.J. Arcega-Whiteside,14,3,0,0,0,0,0,0,0,0,0,0,2,36,0,0,0,0,Widereceiver
C.J. Board,10,3,0,0,0,0,0,0,1,6,0,0,4,51,0,0,0,0,Widereceiver
Greg Dortch,12,3,0,0,0,0,0,0,1,24,0,0,1,10,0,0,0,0,Widereceiver
Penny Hart,9,3,0,0,0,0,0,0,0,0,0,0,7,59,0,0,0,0,Widereceiver
K.J. Hill,7,3,0,0,0,0,0,0,0,0,0,0,3,30,0,0,0,0,Widereceiver
D.J. Montgomery,6,3,0,0,0,0,0,0,0,0,0,0,3,36,0,0,0,0,Widereceiver
Amari Rodgers,13,3,0,0,0,0,0,0,1,11,0,0,3,40,0,0,0,0,Widereceiver
Mike Thomas,10,3,0,0,0,0,0,0,0,0,0,0,5,52,0,0,0,0,Widereceiver
Kevin White,6,3,0,0,0,0,0,0,0,0,0,0,1,38,0,0,0,0,Widereceiver
Seth Williams,11,3,0,0,0,0,0,0,0,0,0,0,1,34,0,0,0,0,Widereceiver
Pharoh Cooper,10,2,0,0,0,0,0,0,1,3,0,0,4,33,0,0,0,0,Widereceiver
Cody Hollister,13,2,0,0,0,0,0,0,0,0,0,0,4,33,0,0,0,0,Widereceiver
Trenton Irwin,10,2,0,0,0,0,0,0,0,0,0,0,1,25,0,0,0,0,Widereceiver
Tom Kennedy,9,2,0,0,0,0,0,0,0,0,0,0,4,38,0,0,0,0,Widereceiver
Scott Miller,9,2,0,0,0,0,0,0,0,0,0,0,4,29,0,0,0,0,Widereceiver
Gunner Olszewski,14,2,0,0,0,0,0,0,1,9,0,0,2,31,0,0,0,0,Widereceiver
Andre Roberts,7,2,0,0,0,0,0,0,3,19,0,0,1,35,0,0,1,0,Widereceiver
Willie Snead,13,2,0,0,0,0,0,0,0,0,0,0,4,38,0,0,0,0,Widereceiver
Mike Strachan,14,2,0,0,0,0,0,0,0,0,0,0,2,26,0,0,0,0,Widereceiver
Cody White,7,2,0,0,0,0,0,0,0,0,0,0,5,33,0,0,0,0,Widereceiver
Christian Blake,6,1,0,0,0,0,0,0,0,0,0,0,4,25,0,0,0,0,Widereceiver
Frank Darby,6,1,0,0,0,0,0,0,0,0,0,0,1,14,0,0,0,0,Widereceiver
Davion Davis,10,1,0,0,0,0,0,0,0,0,0,0,1,17,0,0,0,0,Widereceiver
Marvin Hall,6,1,0,0,0,0,0,0,0,0,0,0,1,10,0,0,0,0,Widereceiver
Andy Isabella,12,1,0,0,0,0,0,0,0,0,0,0,1,13,0,0,0,0,Widereceiver
Tyron Johnson,8,1,0,0,0,0,0,0,0,0,0,0,2,16,0,0,0,0,Widereceiver
Marcus Kemp,12,1,0,0,0,0,0,0,0,0,0,0,2,24,0,0,0,0,Widereceiver
Keith Kirkwood,13,1,0,0,0,0,0,0,0,0,0,0,3,17,0,0,0,0,Widereceiver
Jake Kumerow,7,1,0,0,0,0,0,0,0,0,0,0,1,13,0,0,0,0,Widereceiver
Kirk Merritt,14,1,0,0,0,0,0,0,0,0,0,0,1,13,0,0,0,0,Widereceiver
Jaydon Mickens,7,1,0,0,0,0,0,0,0,0,0,0,2,10,0,0,0,0,Widereceiver
Dazz Newsome,10,1,0,0,0,0,0,0,0,0,0,0,1,10,0,0,0,0,Widereceiver
Curtis Samuel,9,1,0,0,0,0,0,0,4,11,0,0,6,27,0,0,0,0,Widereceiver
David Sills,10,1,0,0,0,0,0,0,0,0,0,0,2,17,0,0,0,0,Widereceiver
Tylan Wallace,8,1,0,0,0,0,0,0,0,0,0,0,2,23,0,0,0,0,Widereceiver
Tyrell Williams,9,1,0,0,0,0,0,0,0,0,0,0,2,14,0,0,0,0,Widereceiver
Miles Boykin,8,0,0,0,0,0,0,0,0,0,0,0,1,6,0,0,0,0,Widereceiver
Keke Coutee,14,0,0,0,0,0,0,0,0,0,0,0,1,5,0,0,0,0,Widereceiver
Maurice Ffrench,7,0,0,0,0,0,0,0,1,3,0,0,0,0,0,0,0,0,Widereceiver
Tommylee Lewis,14,0,0,0,0,0,0,0,0,0,0,0,1,7,0,0,0,0,Widereceiver
Stanley Morgan,10,0,0,0,0,0,0,0,0,0,0,0,1,3,0,0,0,0,Widereceiver
Malik Taylor,13,0,0,0,0,0,0,0,0,0,0,0,2,14,0,0,1,0,Widereceiver
Easop Winston,6,0,0,0,0,0,0,0,0,0,0,0,1,5,0,0,0,0,Widereceiver
Travis Benjamin,6,-1,0,0,0,0,0,0,0,0,0,0,0,0,0,0,1,0,Widereceiver
J.J. Koski,11,-1,0,0,0,0,0,0,0,0,0,0,0,0,0,0,1,0,Widereceiver
Racey McMath,13,-1,0,0,0,0,0,0,0,0,0,0,2,8,0,0,1,0,Widereceiver
Diontae Spencer,11,-2,0,0,0,0,0,0,0,0,0,0,1,-3,0,0,2,0,Widereceiver
